Date,GPR,GPR_THREAT,GPR_ACT,GPR_BROAD,GPR_NARROW,,n11,GPR_RAW,GPR_THREAT_RAW,GPR_ACT_RAW,GPR_BROAD_RAW,GPR_NARROW_RAW
Jan-85,69.69,73.40,45.76,89.72,69.40,,28763,103,91,12,243,88
Feb-85,96.56,104.73,53.19,103.40,102.39,,26806,133,121,13,261,121
Mar-85,91.32,86.15,114.77,104.32,96.48,,29624,139,110,31,291,126
Apr-85,73.08,71.29,81.69,104.15,77.44,,32222,121,99,24,316,110
May-85,66.80,65.46,73.37,86.80,69.94,,34380,118,97,23,281,106
Jun-85,106.10,87.57,215.81,117.16,106.10,,31000,169,117,61,342,145
Jul-85,78.57,59.89,166.95,106.49,82.57,,30218,122,78,46,303,110
Aug-85,54.79,48.41,79.92,72.82,57.10,,30191,85,63,22,207,76
Sep-85,62.73,64.66,47.87,76.67,64.74,,29782,96,83,13,215,85
Oct-85,104.88,79.19,239.69,129.72,112.73,,33402,180,114,73,408,166
Nov-85,81.79,82.73,69.83,100.08,85.93,,31411,132,112,20,296,119
Dec-85,68.67,57.38,130.19,93.85,66.57,,30326,107,75,36,268,89
Jan-86,103.33,96.14,163.33,126.18,105.75,,30889,164,128,46,367,144
Feb-86,43.44,38.64,66.06,100.85,43.40,,28222,63,47,17,268,54
Mar-86,78.21,75.66,101.15,135.73,79.20,,30360,122,99,28,388,106
Apr-86,208.88,146.78,614.44,210.92,219.18,,31772,341,201,178,631,307
May-86,108.56,93.47,207.33,130.66,108.26,,32268,180,130,61,397,154
Jun-86,56.41,50.43,90.31,94.09,57.53,,30362,88,66,25,269,77
Jul-86,43.59,39.34,63.16,81.55,44.99,,31256,70,53,18,240,62
Aug-86,60.95,51.90,108.64,95.70,62.34,,31294,98,70,31,282,86
Sep-86,78.70,68.65,133.41,106.14,79.05,,30417,123,90,37,304,106
Oct-86,78.12,73.84,97.49,93.18,79.35,,34876,140,111,31,306,122
Nov-86,71.75,61.82,122.32,106.94,63.95,,32277,119,86,36,325,91
Dec-86,59.11,56.22,74.41,92.30,57.16,,30951,94,75,21,269,78
Jan-87,60.15,50.77,114.00,105.45,56.46,,36559,113,80,38,363,91
Feb-87,68.10,70.27,58.05,103.99,66.70,,34009,119,103,18,333,100
Mar-87,74.75,80.96,41.53,103.70,66.88,,36970,142,129,14,361,109
Apr-87,69.19,70.71,55.70,87.44,72.16,,37408,133,114,19,308,119
May-87,77.46,77.77,71.80,112.91,78.40,,38189,152,128,25,406,132
Jun-87,85.59,85.47,84.56,102.21,84.21,,35017,154,129,27,337,130
Jul-87,66.80,71.87,42.85,106.40,67.73,,35833,123,111,14,359,107
Aug-87,88.93,96.14,52.91,114.23,90.77,,35235,161,146,17,379,141
Sep-87,87.40,95.02,43.37,118.79,79.44,,35405,159,145,14,396,124
Oct-87,72.33,78.78,55.71,120.11,65.50,,37402,139,127,19,423,108
Nov-87,66.42,59.24,97.27,104.18,60.35,,37210,127,95,33,365,99
Dec-87,88.40,90.51,73.35,118.97,92.28,,35887,163,140,24,402,146
Jan-88,66.90,63.81,78.42,118.87,67.37,,36363,125,100,26,407,108
Feb-88,61.32,58.23,70.34,117.56,59.45,,35863,113,90,23,397,94
Mar-88,66.15,52.57,124.26,110.81,65.74,,37953,129,86,43,396,110
Apr-88,69.69,70.20,63.93,106.72,68.00,,36025,129,109,21,362,108
May-88,51.20,46.68,70.72,75.60,44.46,,38771,102,78,25,276,76
Jun-88,54.73,47.80,85.50,82.50,54.31,,35917,101,74,28,279,86
Jul-88,69.12,63.29,99.72,86.30,65.10,,35194,125,96,32,286,101
Aug-88,54.58,53.36,64.60,89.95,47.08,,35655,100,82,21,302,74
Sep-88,46.86,44.04,55.92,63.48,45.62,,35300,85,67,18,211,71
Oct-88,44.37,49.21,20.35,77.71,45.10,,37720,86,80,7,276,75
Nov-88,43.40,35.96,74.56,80.29,42.56,,36774,82,57,25,278,69
Dec-88,78.42,63.83,146.29,102.11,76.27,,35986,145,99,48,346,121
Jan-89,57.99,58.34,66.11,72.25,55.47,,58063,173,146,35,395,142
Feb-89,50.35,52.79,50.31,88.09,52.03,,54496,141,124,25,452,125
Mar-89,48.51,43.28,76.03,79.59,46.43,,60583,151,113,42,454,124
Apr-89,44.38,50.14,18.66,80.96,47.09,,58767,134,127,10,448,122
May-89,74.04,85.92,11.08,89.92,73.31,,59405,226,220,6,503,192
Jun-89,37.40,41.28,15.61,53.48,39.96,,56203,108,100,8,283,99
Jul-89,34.98,35.03,35.49,63.19,34.66,,55631,100,84,18,331,85
Aug-89,60.27,59.60,73.33,72.31,59.47,,56835,176,146,38,387,149
Sep-89,42.62,41.15,47.64,70.93,41.46,,55253,121,98,24,369,101
Oct-89,40.84,44.08,25.37,69.13,37.10,,60527,127,115,14,394,99
Nov-89,49.40,53.79,24.13,80.34,49.14,,59090,150,137,13,447,128
Dec-89,89.33,100.02,36.37,97.68,86.30,,57298,263,247,19,527,218
Jan-90,58.92,65.64,23.59,72.74,55.92,,60443,183,171,13,414,149
Feb-90,59.64,64.82,31.63,81.74,59.69,,55479,170,155,16,427,146
Mar-90,50.71,56.40,20.91,85.39,50.46,,62936,164,153,12,506,140
Apr-90,59.22,64.15,35.88,68.80,57.52,,61128,186,169,20,396,155
May-90,62.08,69.57,26.24,76.39,64.39,,62701,200,188,15,451,178
Jun-90,52.67,55.55,36.15,79.22,55.88,,57642,156,138,19,430,142
Jul-90,59.62,65.97,29.70,71.53,62.19,,59088,181,168,16,398,162
Aug-90,187.94,212.95,74.23,153.40,197.33,,60579,585,556,41,875,527
Sep-90,138.82,155.62,50.41,139.21,149.06,,58741,419,394,27,770,386
Oct-90,110.35,123.11,50.38,99.92,116.76,,63136,358,335,29,594,325
Nov-90,164.92,186.74,68.18,120.05,172.92,,61130,518,492,38,691,466
Dec-90,156.04,178.33,44.06,119.47,163.25,,57247,459,440,23,644,412
Jan-91,332.03,336.45,348.53,225.59,338.04,,59788,1020,867,190,1270,891
Feb-91,137.88,104.30,319.47,112.10,143.57,,55614,394,250,162,587,352
Mar-91,73.74,62.57,132.90,92.81,74.33,,58590,222,158,71,512,192
Apr-91,34.31,34.84,28.64,65.35,35.91,,61264,108,92,16,377,97
May-91,38.54,37.62,39.33,68.22,39.61,,64138,127,104,23,412,112
Jun-91,36.49,35.11,39.69,62.71,38.80,,60795,114,92,22,359,104
Jul-91,62.63,67.31,42.06,84.64,64.29,,59976,193,174,23,478,170
Aug-91,49.99,55.37,25.45,72.69,53.01,,60340,155,144,14,413,141
Sep-91,61.64,70.84,14.25,99.35,57.10,,61571,195,188,8,576,155
Oct-91,41.53,44.94,21.58,76.34,43.94,,66078,141,128,13,475,128
Nov-91,35.21,34.61,43.51,69.60,33.47,,63019,114,94,25,413,93
Dec-91,44.12,46.96,28.41,65.52,45.54,,61758,140,125,16,381,124
Jan-92,47.23,50.28,28.45,80.55,48.81,,65525,159,142,17,497,141
Feb-92,41.05,40.35,42.39,50.62,43.10,,62101,131,108,24,296,118
Mar-92,36.50,36.03,41.78,50.73,35.89,,68253,128,106,26,326,108
Apr-92,31.63,32.61,27.30,46.18,33.54,,68298,111,96,17,297,101
May-92,35.66,35.59,35.73,48.58,34.79,,73676,135,113,24,337,113
Jun-92,46.97,51.69,21.93,67.19,50.21,,70021,169,156,14,443,155
Jul-92,52.65,54.77,59.04,68.46,55.11,,72444,196,171,39,467,176
Aug-92,54.22,51.98,64.58,58.26,52.77,,69631,194,156,41,382,162
Sep-92,33.94,33.44,36.36,56.18,34.98,,69380,121,100,23,367,107
Oct-92,29.54,32.41,13.26,48.07,29.25,,74451,113,104,9,337,96
Nov-92,32.91,32.31,34.29,49.35,34.81,,70366,119,98,22,327,108
Dec-92,53.86,60.04,19.69,65.93,54.97,,66851,185,173,12,415,162
Jan-93,84.45,78.03,141.29,79.35,88.28,,73744,320,248,95,551,287
Feb-93,35.55,31.95,50.86,54.62,35.70,,71161,130,98,33,366,112
Mar-93,41.28,33.61,79.43,53.84,41.07,,77318,164,112,56,392,140
Apr-93,46.79,45.10,58.90,62.88,46.99,,78204,188,152,42,463,162
May-93,54.38,56.36,45.55,59.48,57.95,,79454,222,193,33,445,203
Jun-93,51.82,48.19,81.77,65.61,52.25,,75111,200,156,56,464,173
Jul-93,58.85,49.98,102.73,73.61,58.88,,74733,226,161,70,518,194
Aug-93,48.62,37.06,116.79,58.87,42.74,,73247,183,117,78,406,138
Sep-93,38.16,36.39,43.00,80.27,39.87,,73960,145,116,29,559,130
Oct-93,38.61,36.31,50.01,63.21,41.37,,81147,161,127,37,483,148
Nov-93,34.21,35.46,27.94,64.11,35.25,,78515,138,120,20,474,122
Dec-93,29.11,27.94,31.93,71.97,30.32,,75555,113,91,22,512,101
Jan-94,45.03,41.96,64.17,71.03,49.77,,75205,174,136,44,503,165
Feb-94,57.07,46.24,120.21,87.98,62.32,,70252,206,140,77,582,193
Mar-94,33.63,29.78,50.17,80.97,35.45,,78693,136,101,36,600,123
Apr-94,49.51,41.59,98.30,69.71,53.22,,75870,193,136,68,498,178
May-94,35.04,31.70,47.61,56.54,35.91,,78323,141,107,34,417,124
Jun-94,43.62,45.24,37.82,52.68,44.83,,75397,169,147,26,374,149
Jul-94,41.41,41.04,43.75,70.19,43.44,,75198,160,133,30,497,144
Aug-94,38.14,31.57,70.14,68.21,38.27,,73488,144,100,47,472,124
Sep-94,49.96,51.41,44.45,78.91,49.65,,74018,190,164,30,550,162
Oct-94,53.04,49.83,67.49,83.50,54.13,,79622,217,171,49,626,190
Nov-94,37.78,30.23,77.29,69.76,40.42,,75205,146,98,53,494,134
Dec-94,42.69,43.36,41.58,75.35,41.46,,73851,162,138,28,524,135
Jan-95,31.75,28.31,46.54,58.31,31.59,,75407,123,92,32,414,105
Feb-95,30.54,28.79,40.67,77.26,32.35,,70109,110,87,26,510,100
Mar-95,28.11,23.23,51.42,62.58,29.32,,78916,114,79,37,465,102
Apr-95,41.69,29.63,103.60,66.27,34.70,,75165,161,96,71,469,115
May-95,43.73,31.22,101.73,63.96,43.26,,76548,172,103,71,461,146
Jun-95,44.52,30.91,109.20,66.30,41.81,,74322,170,99,74,464,137
Jul-95,43.07,39.69,61.05,63.30,40.96,,73652,163,126,41,439,133
Aug-95,43.72,38.20,73.45,57.20,40.19,,71672,161,118,48,386,127
Sep-95,32.50,29.15,50.25,70.79,34.19,,67662,113,85,31,451,102
Oct-95,31.32,23.44,65.70,54.64,30.38,,85129,137,86,51,438,114
Nov-95,28.99,24.07,51.05,85.59,28.96,,75197,112,78,35,606,96
Dec-95,26.97,24.36,38.38,61.55,25.72,,71434,99,75,25,414,81
Jan-96,39.61,36.59,54.70,62.13,40.36,,74190,151,117,37,434,132
Feb-96,37.61,38.62,34.03,97.22,38.39,,70899,137,118,22,649,120
Mar-96,52.80,49.67,64.17,98.44,53.09,,75198,204,161,44,697,176
Apr-96,44.94,39.83,66.64,73.73,46.52,,65831,152,113,40,457,135
May-96,28.51,27.39,32.76,69.94,27.10,,70306,103,83,21,463,84
Jun-96,30.90,26.73,49.31,93.41,30.28,,71169,113,82,32,626,95
Jul-96,49.86,38.26,104.62,83.79,42.96,,73385,188,121,70,579,139
Aug-96,40.14,32.01,79.48,69.27,35.72,,71757,148,99,52,468,113
Sep-96,58.80,59.65,58.94,96.56,59.30,,68848,208,177,37,626,180
Oct-96,30.05,30.20,26.59,71.68,30.68,,78375,121,102,19,529,106
Nov-96,35.69,38.17,20.70,55.85,38.23,,74162,136,122,14,390,125
Dec-96,37.45,36.79,38.84,65.40,33.88,,64952,125,103,23,400,97
Jan-97,23.74,20.27,39.65,59.35,18.79,,66392,81,58,24,371,55
Feb-97,29.41,29.90,26.17,56.43,27.79,,62861,95,81,15,334,77
Mar-97,37.52,36.84,37.31,76.03,33.76,,70542,136,112,24,505,105
Apr-97,29.17,29.35,27.14,67.32,24.33,,72731,109,92,18,461,78
May-97,30.96,28.00,42.11,53.01,26.44,,72920,116,88,28,364,85
Jun-97,28.90,28.19,31.26,54.96,25.52,,66669,99,81,19,345,75
Jul-97,27.86,27.41,27.44,57.28,25.22,,71939,103,85,18,388,80
Aug-97,30.13,24.84,57.12,62.23,27.24,,69117,107,74,36,405,83
Sep-97,25.52,22.74,37.93,65.81,26.15,,69389,91,68,24,430,80
Oct-97,26.93,24.33,38.33,61.02,27.59,,71535,99,75,25,411,87
Nov-97,73.09,77.38,54.37,86.95,76.33,,66564,250,222,33,545,224
Dec-97,34.40,35.15,29.32,76.99,33.02,,67320,119,102,18,488,98
Jan-98,54.35,58.90,30.94,109.34,56.30,,70904,198,180,20,730,176
Feb-98,154.66,168.21,97.56,128.48,170.17,,67450,536,489,60,816,506
Mar-98,43.17,44.84,34.33,70.82,43.53,,73478,163,142,23,490,141
Apr-98,32.70,31.78,34.07,70.93,34.27,,70824,119,97,22,473,107
May-98,61.35,63.26,48.14,103.26,64.87,,75182,237,205,33,731,215
Jun-98,52.46,58.43,20.90,71.28,52.50,,73457,198,185,14,493,170
Jul-98,33.63,36.18,18.49,57.00,35.38,,71173,123,111,12,382,111
Aug-98,75.58,70.12,118.50,104.51,74.52,,68491,266,207,74,674,225
Sep-98,61.38,62.67,57.39,83.96,64.16,,70708,223,191,37,559,200
Oct-98,72.34,66.02,103.03,92.54,72.27,,73447,273,209,69,640,234
Nov-98,81.03,87.46,49.37,90.98,85.83,,71092,296,268,32,609,269
Dec-98,85.06,91.16,56.49,106.90,86.46,,67953,297,267,35,684,259
Jan-99,45.52,46.52,41.43,67.89,42.84,,68828,161,138,26,440,130
Feb-99,48.43,50.29,36.98,67.01,49.16,,62286,155,135,21,393,135
Mar-99,63.58,66.24,62.31,75.43,66.69,,70402,230,201,40,500,207
Apr-99,64.45,62.78,69.73,70.82,61.71,,67636,224,183,43,451,184
May-99,50.49,45.06,76.29,85.42,51.28,,69004,179,134,48,555,156
Jun-99,39.43,33.28,64.88,68.64,37.57,,67616,137,97,40,437,112
Jul-99,49.81,49.37,48.96,107.61,47.59,,67207,172,143,30,681,141
Aug-99,44.50,44.81,40.67,61.86,45.56,,64720,148,125,24,377,130
Sep-99,60.62,50.17,109.45,78.20,60.71,,66138,206,143,66,487,177
Oct-99,42.22,40.52,49.38,66.07,41.16,,73296,159,128,33,456,133
Nov-99,35.79,33.53,44.82,72.70,34.43,,68509,126,99,28,469,104
Dec-99,62.04,55.75,98.17,73.88,55.21,,63679,203,153,57,443,155
Jan-00,40.57,37.39,56.75,62.96,38.90,,67637,141,109,35,401,116
Feb-00,34.39,31.01,47.23,81.86,34.70,,67335,119,90,29,519,103
Mar-00,54.10,52.91,56.23,74.37,57.24,,74111,206,169,38,519,187
Apr-00,35.76,34.79,37.08,46.36,36.68,,68030,125,102,23,297,110
May-00,34.15,33.22,36.94,61.27,36.30,,71246,125,102,24,411,114
Jun-00,43.99,45.09,39.47,66.20,45.39,,69464,157,135,25,433,139
Jul-00,32.06,30.25,37.71,65.12,32.82,,69806,115,91,24,428,101
Aug-00,27.21,22.61,46.47,51.45,26.91,,70800,99,69,30,343,84
Sep-00,35.39,35.58,31.26,53.48,36.63,,73681,134,113,21,371,119
Oct-00,55.48,55.99,49.44,123.64,53.84,,75417,215,182,34,878,179
Nov-00,27.44,27.46,29.17,54.94,25.04,,75190,106,89,20,389,83
Dec-00,31.51,33.42,22.80,58.36,30.99,,67332,109,97,14,370,92
Jan-01,35.45,35.11,35.34,65.77,35.91,,71375,130,108,23,442,113
Feb-01,56.18,53.37,72.55,84.78,57.97,,66515,192,153,44,531,170
Mar-01,39.56,39.00,41.44,62.96,43.15,,76745,156,129,29,455,146
Apr-01,45.28,47.32,34.66,56.29,47.24,,69624,162,142,22,369,145
May-01,35.84,36.58,29.06,56.00,35.46,,75482,139,119,20,398,118
Jun-01,47.49,48.81,38.45,69.41,48.04,,71305,174,150,25,466,151
Jul-01,35.40,34.84,38.00,61.18,35.70,,69262,126,104,24,399,109
Aug-01,33.34,29.15,51.67,65.50,34.01,,70040,120,88,33,432,105
Sep-01,307.68,290.56,410.94,265.54,284.40,,69390,1097,869,260,1735,870
Oct-01,357.80,335.66,497.12,310.98,335.14,,74790,1375,1082,339,2190,1105
Nov-01,195.39,168.45,350.35,191.95,175.98,,72312,726,525,231,1307,561
Dec-01,163.49,139.36,290.59,159.24,148.54,,66426,558,399,176,996,435
Jan-02,123.43,114.45,179.81,133.03,115.81,,69535,441,343,114,871,355
Feb-02,112.15,112.39,115.36,111.70,110.55,,67503,389,327,71,710,329
Mar-02,129.93,130.95,122.03,127.99,131.37,,74594,498,421,83,899,432
Apr-02,123.93,120.31,140.61,138.73,125.38,,70197,447,364,90,917,388
May-02,155.46,159.58,155.91,143.64,144.65,,73860,590,508,105,999,471
Jun-02,177.94,191.59,125.35,165.83,173.37,,69997,640,578,80,1093,535
Jul-02,110.27,103.19,146.49,102.73,106.21,,68129,386,303,91,659,319
Aug-02,139.54,150.09,81.68,118.33,145.41,,68481,491,443,51,763,439
Sep-02,315.32,356.63,108.41,216.64,334.36,,69807,1131,1073,69,1424,1029
Oct-02,268.52,289.98,174.43,204.24,282.00,,75449,1041,943,120,1451,938
Nov-02,214.31,232.35,119.60,158.75,218.41,,75192,828,753,82,1124,724
Dec-02,213.23,236.96,95.87,166.95,225.06,,68637,752,701,60,1079,681
Jan-03,328.56,377.29,75.63,240.08,354.16,,72503,1224,1179,50,1639,1132
Feb-03,520.05,602.37,112.04,346.87,560.44,,68522,1831,1779,70,2238,1693
Mar-03,545.26,570.06,436.52,357.91,581.52,,76882,2154,1889,306,2591,1971
Apr-03,257.41,213.36,473.55,212.44,265.00,,73186,968,673,316,1464,855
May-03,142.27,137.02,168.40,155.13,143.49,,76197,557,450,117,1113,482
Jun-03,104.47,101.90,114.69,127.50,100.58,,71720,385,315,75,861,318
Jul-03,85.81,83.20,97.94,107.73,79.12,,71671,316,257,64,727,250
Aug-03,96.15,92.42,106.52,101.65,93.55,,71043,351,283,69,680,293
Sep-03,88.98,90.19,84.07,105.83,88.18,,73057,334,284,56,728,284
Oct-03,74.80,70.23,100.56,93.10,72.65,,79619,306,241,73,698,255
Nov-03,77.15,74.45,90.20,88.92,79.21,,74167,294,238,61,621,259
Dec-03,120.23,120.62,123.19,118.37,112.04,,69441,429,361,78,774,343
Jan-04,92.57,92.75,87.69,100.17,92.83,,73791,351,295,59,696,302
Feb-04,82.68,83.83,77.40,89.64,79.72,,70849,301,256,50,598,249
Mar-04,129.55,133.08,125.52,115.68,132.19,,76015,506,436,87,828,443
Apr-04,154.77,157.43,146.12,133.32,136.15,,72806,579,494,97,914,437
May-04,101.55,101.41,104.72,93.69,102.50,,74360,388,325,71,656,336
Jun-04,101.57,101.29,101.28,99.86,98.71,,71468,373,312,66,672,311
Jul-04,108.02,114.00,81.97,94.07,102.98,,72251,401,355,54,640,328
Aug-04,143.30,145.55,125.66,115.59,133.75,,71571,527,449,82,779,422
Sep-04,115.64,105.62,172.64,105.28,108.73,,70514,419,321,111,699,338
Oct-04,91.99,87.55,116.17,90.55,85.29,,75529,357,285,80,644,284
Nov-04,81.06,83.19,68.06,112.05,75.39,,72510,302,260,45,765,241
Dec-04,74.74,74.14,75.55,83.59,67.83,,68225,262,218,47,537,204
Jan-05,63.23,61.80,70.35,78.19,57.88,,71712,233,191,46,528,183
Feb-05,74.63,76.31,69.56,108.39,75.61,,67800,260,223,43,692,226
Mar-05,60.89,55.44,86.88,74.31,59.89,,75745,237,181,60,530,200
Apr-05,57.60,58.59,52.11,64.59,57.89,,73659,218,186,35,448,188
May-05,49.66,47.17,56.86,64.19,48.59,,73290,187,149,38,443,157
Jun-05,54.63,49.74,72.70,60.67,52.15,,70900,199,152,47,405,163
Jul-05,129.10,116.91,187.34,113.23,124.96,,70252,466,354,120,749,387
Aug-05,73.22,70.10,92.40,82.07,69.20,,68841,259,208,58,532,210
Sep-05,61.91,51.29,107.91,72.43,59.62,,74192,236,164,73,506,195
Oct-05,66.18,61.43,91.10,67.27,55.64,,77046,262,204,64,488,189
Nov-05,61.24,58.28,75.54,69.56,61.27,,74044,233,186,51,485,200
Dec-05,59.13,56.06,71.29,63.93,51.28,,70770,215,171,46,426,160
Jan-06,70.10,69.16,72.65,85.89,69.49,,72461,261,216,48,586,222
Feb-06,73.62,79.02,44.51,66.19,69.37,,68998,261,235,28,430,211
Mar-06,64.70,67.72,48.81,63.81,64.43,,76399,254,223,34,459,217
Apr-06,76.18,77.00,73.10,72.45,78.49,,70511,276,234,47,481,244
May-06,74.57,71.81,82.25,67.05,77.94,,73341,281,227,55,463,252
Jun-06,85.28,75.69,139.48,79.13,82.47,,72341,317,236,92,539,263
Jul-06,139.34,128.61,191.56,108.85,146.69,,69275,496,384,121,710,448
Aug-06,170.49,160.18,219.52,122.30,181.61,,68947,604,476,138,794,552
Sep-06,93.88,96.39,77.98,84.39,96.14,,71729,346,298,51,570,304
Oct-06,88.16,92.33,63.43,87.01,93.39,,72625,329,289,42,595,299
Nov-06,69.27,69.56,70.56,65.42,69.56,,73049,260,219,47,450,224
Dec-06,70.30,74.30,48.27,77.05,66.79,,65888,238,211,29,478,194
Jan-07,84.20,79.76,105.44,87.87,82.94,,68649,297,236,66,568,251
Feb-07,83.90,80.59,102.04,88.60,83.71,,64490,278,224,60,538,238
Mar-07,65.70,65.17,68.13,71.42,65.55,,74053,250,208,46,498,214
Apr-07,67.74,63.68,80.72,61.71,68.17,,65221,227,179,48,379,196
May-07,95.39,84.19,143.00,84.42,96.92,,63658,312,231,83,506,272
Jun-07,72.70,72.93,74.94,74.02,72.33,,65857,246,207,45,459,210
Jul-07,115.64,116.79,109.73,101.85,121.16,,64964,386,327,65,623,347
Aug-07,62.68,58.12,80.13,63.66,62.57,,67066,216,168,49,402,185
Sep-07,52.72,49.80,64.94,57.85,53.39,,67557,183,145,40,368,159
Oct-07,105.12,113.27,63.08,88.65,109.79,,71280,385,348,41,595,345
Nov-07,82.46,84.31,72.46,91.83,86.01,,69622,295,253,46,602,264
Dec-07,82.54,83.51,77.24,88.58,86.26,,63900,271,230,45,533,243
Jan-08,69.30,69.31,62.88,68.74,71.87,,66277,236,198,38,429,210
Feb-08,69.94,67.92,78.15,61.03,70.62,,64559,232,189,46,371,201
Mar-08,66.77,66.04,65.72,74.30,68.65,,66749,229,190,40,467,202
Apr-08,53.91,52.55,57.07,60.14,54.15,,65343,181,148,34,370,156
May-08,47.05,47.15,45.55,55.14,49.12,,67417,163,137,28,350,146
Jun-08,70.64,71.97,66.64,73.87,70.00,,62542,227,194,38,435,193
Jul-08,73.62,71.77,79.10,74.73,75.26,,62390,236,193,45,439,207
Aug-08,98.35,104.89,72.60,91.91,102.18,,61936,313,280,41,536,279
Sep-08,67.28,72.78,35.11,72.07,70.43,,62483,216,196,20,424,194
Oct-08,57.43,58.68,47.94,61.02,60.20,,64053,189,162,28,368,170
Nov-08,56.32,53.79,64.92,70.55,60.05,,60817,176,141,36,404,161
Dec-08,74.36,78.26,49.08,75.30,74.17,,58105,222,196,26,412,190
Jan-09,74.14,65.05,110.30,77.03,75.70,,65623,250,184,66,476,219
Feb-09,44.45,44.54,39.93,75.93,46.55,,60422,138,116,22,432,124
Mar-09,57.47,59.54,50.87,90.79,56.81,,64684,191,166,30,553,162
Apr-09,63.68,68.47,41.93,75.51,62.43,,65398,214,193,25,465,180
May-09,62.06,62.07,56.30,93.34,63.16,,64288,205,172,33,565,179
Jun-09,42.76,41.16,49.98,75.37,42.83,,61439,135,109,28,436,116
Jul-09,63.11,66.11,50.07,72.56,64.99,,63526,206,181,29,434,182
Aug-09,53.50,48.12,77.58,67.78,51.78,,62205,171,129,44,397,142
Sep-09,63.68,57.58,88.41,83.77,63.82,,63264,207,157,51,499,178
Oct-09,60.83,52.34,97.02,82.67,57.85,,67829,212,153,60,528,173
Nov-09,57.46,51.01,87.84,83.39,52.01,,63675,188,140,51,500,146
Dec-09,86.21,82.52,104.61,97.00,80.67,,61857,274,220,59,565,220
Jan-10,97.52,96.03,111.86,105.65,96.56,,67652,339,280,69,673,288
Feb-10,59.49,56.67,68.97,74.71,63.03,,68373,209,167,43,481,190
Mar-10,44.62,46.70,35.09,70.64,43.24,,75019,172,151,24,499,143
Apr-10,55.61,59.41,34.13,66.40,60.00,,70692,202,181,22,442,187
May-10,64.01,65.96,55.02,71.93,61.64,,71758,236,204,36,486,195
Jun-10,54.63,56.45,44.21,65.89,52.57,,69464,195,169,28,431,161
Jul-10,56.56,54.89,59.26,67.31,55.65,,68477,199,162,37,434,168
Aug-10,43.88,43.65,40.92,57.63,46.55,,64318,145,121,24,349,132
Sep-10,63.95,66.71,46.65,77.74,64.88,,68173,224,196,29,499,195
Oct-10,69.00,75.49,36.60,69.85,66.55,,71920,255,234,24,473,211
Nov-10,79.52,85.85,50.14,74.95,82.96,,70000,286,259,32,494,256
Dec-10,72.65,72.77,67.12,73.93,73.22,,65363,244,205,40,455,211
Jan-11,55.92,55.38,54.94,66.19,60.83,,67867,195,162,34,423,182
Feb-11,71.94,77.70,38.11,80.69,73.10,,63304,234,212,22,481,204
Mar-11,124.38,138.24,62.75,95.14,132.62,,71665,458,427,41,642,419
Apr-11,63.09,63.64,56.30,66.98,70.87,,68175,221,187,35,430,213
May-11,73.69,74.81,68.13,91.11,76.16,,67607,256,218,42,580,227
Jun-11,58.51,59.84,48.49,59.17,58.17,,67851,204,175,30,378,174
Jul-11,41.89,44.66,28.26,53.44,37.13,,65976,142,127,17,332,108
Aug-11,40.43,31.31,83.16,43.64,41.97,,65944,137,89,50,271,122
Sep-11,45.25,48.86,32.08,61.81,49.09,,68385,159,144,20,398,148
Oct-11,48.70,53.11,24.95,58.74,49.35,,70329,176,161,16,389,153
Nov-11,63.04,65.18,50.30,62.26,66.00,,69769,226,196,32,409,203
Dec-11,45.25,45.36,42.23,53.95,46.36,,67518,157,132,26,343,138
Jan-12,57.84,63.24,27.03,55.58,60.18,,68977,205,188,17,361,183
Feb-12,70.49,76.09,45.77,73.93,78.10,,67087,243,220,28,467,231
Mar-12,77.68,81.63,51.86,71.48,80.76,,71906,287,253,34,484,256
Apr-12,57.46,59.37,46.50,56.44,60.10,,66044,195,169,28,351,175
May-12,55.72,53.41,67.85,63.11,57.11,,69504,199,160,43,413,175
Jun-12,43.27,45.23,31.73,49.49,46.63,,65664,146,128,19,306,135
Jul-12,55.82,57.46,42.97,53.93,57.95,,63802,183,158,25,324,163
Aug-12,47.80,49.73,37.55,45.21,47.27,,67185,165,144,23,286,140
Sep-12,61.95,68.53,28.53,67.77,66.30,,65344,208,193,17,417,191
Oct-12,65.62,64.56,67.82,62.23,68.47,,67918,229,189,42,398,205
Nov-12,56.69,54.32,70.17,62.02,54.96,,73461,214,172,47,429,178
Dec-12,53.52,59.12,26.84,63.45,53.56,,69459,191,177,17,415,164
Jan-13,83.88,89.91,54.29,91.80,89.00,,82833,357,321,41,716,325
Feb-13,63.85,68.50,38.46,88.18,52.60,,88397,290,261,31,734,205
Mar-13,77.13,87.23,22.32,89.90,68.71,,83518,331,314,17,707,253
Apr-13,99.33,100.41,104.48,94.96,95.39,,73478,375,318,70,657,309
May-13,66.13,64.26,71.72,70.26,60.78,,77994,265,216,51,516,209
Jun-13,66.90,72.25,35.48,79.31,59.01,,74183,255,231,24,554,193
Jul-13,41.99,45.94,20.97,66.12,43.98,,73238,158,145,14,456,142
Aug-13,99.36,108.77,53.40,92.33,100.66,,71888,367,337,35,625,319
Sep-13,142.85,162.35,39.19,107.84,142.85,,67167,493,470,24,682,423
Oct-13,59.13,63.74,44.13,80.01,62.63,,72075,219,198,29,543,199
Nov-13,61.44,66.68,31.05,94.42,63.91,,70633,223,203,20,628,199
Dec-13,63.18,66.63,42.79,72.76,61.25,,64073,208,184,25,439,173
Jan-14,59.38,61.73,44.40,77.09,61.00,,69161,211,184,28,502,186
Feb-14,57.61,62.24,30.44,63.86,59.45,,64863,192,174,18,390,170
Mar-14,147.66,169.27,36.51,121.82,157.62,,72098,547,526,24,827,501
Apr-14,89.68,99.28,36.10,95.60,95.11,,69877,322,299,23,629,293
May-14,79.53,82.84,58.02,87.22,83.99,,75617,309,270,40,621,280
Jun-14,105.25,110.56,78.64,95.67,111.14,,66941,362,319,48,603,328
Jul-14,148.67,149.54,135.81,121.53,159.74,,67026,512,432,83,767,472
Aug-14,200.70,212.56,141.38,147.98,218.95,,65163,672,597,84,908,629
Sep-14,220.26,248.54,79.65,161.81,233.38,,66092,748,708,48,1007,680
Oct-14,133.04,136.66,124.17,106.23,140.11,,69779,477,411,79,698,431
Nov-14,102.12,111.10,55.37,99.43,106.19,,65367,343,313,33,612,306
Dec-14,88.02,91.77,67.72,80.46,92.37,,59922,271,237,37,454,244
Jan-15,128.77,132.52,107.83,104.41,133.10,,64080,424,366,63,630,376
Feb-15,119.52,121.07,107.07,109.71,123.60,,56340,346,294,55,582,307
Mar-15,96.26,100.80,69.64,111.09,103.86,,59844,296,260,38,626,274
Apr-15,100.91,101.52,103.91,99.70,107.84,,58052,301,254,55,545,276
May-15,86.23,91.86,51.74,86.06,87.90,,59356,263,235,28,481,230
Jun-15,79.00,87.74,30.44,83.09,85.78,,57646,234,218,16,451,218
Jul-15,104.28,105.19,90.41,115.64,106.35,,58228,312,264,48,634,273
Aug-15,86.87,90.07,69.93,88.23,85.93,,53322,238,207,34,443,202
Sep-15,77.36,80.96,55.23,91.69,80.78,,55598,221,194,28,480,198
Oct-15,75.70,77.30,64.80,74.95,78.18,,60933,237,203,36,430,210
Nov-15,236.98,250.38,169.64,171.34,256.21,,55599,677,600,86,897,628
Dec-15,165.75,180.39,97.17,119.06,162.83,,55305,471,430,49,620,397
Jan-16,142.42,151.91,86.40,108.95,146.14,,57120,418,374,45,586,368
Feb-16,89.62,95.15,61.16,83.10,91.81,,55593,256,228,31,435,225
Mar-16,96.43,98.32,85.80,76.51,92.42,,61356,304,260,48,442,250
Apr-16,84.70,89.71,58.74,68.62,89.98,,59744,260,231,32,386,237
May-16,83.00,84.59,69.78,71.23,84.65,,58150,248,212,37,390,217
Jun-16,121.13,129.80,74.97,90.74,128.94,,55592,346,311,38,475,316
Jul-16,128.35,137.62,78.79,92.34,128.70,,54286,358,322,39,472,308
Aug-16,104.32,106.53,98.66,75.04,110.10,,53358,286,245,48,377,259
Sep-16,88.76,91.24,80.74,82.38,87.16,,55690,254,219,41,432,214
Oct-16,82.82,86.03,65.84,74.26,76.50,,56634,241,210,34,396,191
Nov-16,105.23,114.77,52.57,77.79,105.69,,52155,282,258,25,382,243
Dec-16,118.99,126.56,76.70,102.28,121.47,,50048,306,273,35,482,268
Jan-17,123.48,124.38,114.21,102.40,129.04,,51856,329,278,54,500,295
Feb-17,127.09,134.14,84.39,114.63,130.20,,48083,314,278,37,519,276
Mar-17,122.74,122.43,123.01,98.22,125.12,,54388,343,287,61,503,300
Apr-17,174.22,189.70,96.00,126.13,186.82,,50268,450,411,44,597,414
May-17,163.49,161.48,162.10,129.55,173.58,,53449,449,372,79,652,409
Jun-17,135.29,136.37,131.15,121.18,139.30,,49340,343,290,59,563,303
Jul-17,91.47,94.81,67.33,81.29,93.56,,52127,245,213,32,399,215
Aug-17,201.64,219.19,117.26,149.05,210.32,,51444,533,486,55,722,477
Sep-17,148.07,164.20,60.35,117.88,156.66,,52706,401,373,29,585,364
Oct-17,147.08,166.96,48.65,114.63,158.75,,60868,460,438,27,657,426
Nov-17,119.19,132.85,50.97,93.95,129.51,,60251,369,345,28,533,344
Dec-17,117.33,129.14,50.71,117.28,127.87,,56232,339,313,26,621,317
Jan-18,163.54,182.92,58.75,132.80,173.90,,59740,502,471,32,747,458
Feb-18,100.54,108.96,55.63,92.77,103.12,,53232,275,250,27,465,242
Mar-18,205.33,228.08,82.52,152.35,218.54,,61136,645,601,46,877,589
Apr-18,237.68,269.82,87.23,168.56,259.79,,56580,691,658,45,898,648
May-18,177.05,205.98,35.17,145.55,192.19,,59248,539,526,19,812,502
Jun-18,203.35,229.95,68.17,143.08,217.20,,59529,622,590,37,802,570
Jul-18,243.92,274.55,82.55,163.04,270.00,,57128,716,676,43,877,680
Aug-18,161.39,182.64,53.84,118.98,176.97,,57038,473,449,28,639,445
Sep-18,132.23,151.66,30.18,113.63,142.42,,58135,395,380,16,622,365
Oct-18,165.68,189.46,39.88,112.88,178.48,,60496,515,494,22,643,476
Nov-18,152.91,174.31,37.71,113.75,161.06,,58167,457,437,20,623,413
Dec-18,174.60,198.69,46.85,130.75,187.20,,51497,462,441,22,634,425
Jan-19,192.41,221.46,41.40,143.37,202.24,,55631,550,531,21,751,496
Feb-19,160.61,179.47,56.70,127.13,173.21,,50289,415,389,26,602,384
Mar-19,118.27,131.55,56.35,99.54,128.21,,56440,343,320,29,529,319
Apr-19,107.11,120.33,36.83,98.07,115.52,,53604,295,278,18,495,273
May-19,211.71,248.18,19.92,146.00,228.22,,55064,599,589,10,757,554
Jun-19,245.62,285.74,41.82,162.78,269.41,,52454,662,646,20,804,623
Jul-19,190.57,216.33,51.33,138.59,199.18,,53412,523,498,25,697,469
Aug-19,262.22,297.48,71.50,183.48,288.37,,55219,744,708,36,954,702
Sep-19,187.87,216.10,45.49,175.00,205.71,,53039,512,494,22,874,481
Oct-19,195.28,228.27,31.22,197.07,218.32,,56208,564,553,16,1043,541
Nov-19,135.61,148.30,63.19,175.35,152.34,,55538,387,355,32,917,373
Dec-19,121.49,134.96,46.68,139.48,132.87,,49338,308,287,21,648,289
Jan-20,380.66,420.30,271.49,293.36,401.98,,53325,1043,966,132,1473,945
Feb-20,125.37,133.15,77.11,114.03,134.49,,52623,339,302,37,565,312
Mar-20,78.67,87.47,29.84,75.95,80.67,,51456,208,194,14,368,183
Apr-20,65.43,75.08,16.13,65.83,67.68,,47591,160,154,7,295,142
May-20,104.61,120.48,20.02,85.09,105.82,,49300,265,256,9,395,230
Jun-20,139.76,159.02,35.90,107.99,132.26,,48878,351,335,16,497,285
Jul-20,109.39,121.72,41.10,87.13,116.31,,50704,285,266,19,416,260
Aug-20,121.77,136.93,38.97,107.54,127.60,,50663,317,299,18,513,285
Sep-20,122.96,139.52,37.88,98.38,130.87,,49224,311,296,17,456,284
Oct-20,121.92,140.02,33.51,98.98,126.93,,52360,328,316,16,488,293
Nov-20,107.59,118.03,55.33,93.99,104.42,,47572,263,242,24,421,219
Dec-20,103.68,113.17,53.97,82.70,102.40,,46742,249,228,23,364,211
Jan-21,93.11,104.55,30.48,89.81,95.91,,50374,241,227,14,426,213
Feb-21,79.13,87.98,48.52,72.49,76.46,,47469,193,180,21,324,160
Mar-21,74.35,81.25,51.21,72.13,83.77,,47116,180,165,22,320,174
,,,,,,,,,,,,
Source: “Measuring Geopolitical Risk” by Dario Caldara and Matteo Iacoviello at https://www2.bc.edu/matteo-iacoviello/gpr.htm.,,,,,,,,,,,,
"These data can be used freely with attribution to the authors, the paper, and the website.",,,,,,,,,,,,